<?xml version="1.0" encoding="UTF-8"?>
<Configuration>
	<Appenders>

		<!-- Console Appender -->
		<Console name="Console" target="SYSTEM_OUT">
			<PatternLayout
				pattern="%d{dd-MMM-yyyy HH:mm:ss a} [%t] %-5level %logger{36} - %msg%n" />
		</Console>

		<!-- File Appender -->
		<File name="File" fileName="c:/telas/app.log">
			<PatternLayout
				pattern="%d{yyyy-MMM-dd HH:mm:ss a} [%t] %-5level %logger{36} - %msg%n" />
		</File>

	</Appenders>
	<Loggers>

        
		<!-- Log all SQL DML statements as they are executed -->
		<Logger name="org.hibernate.SQL" level="ERROR" />
		<!-- Log all JDBC parameters -->
		<Logger name="org.hibernate.type" level="off" />
		<!-- Log all SQL DDL statements as they are executed -->
		<Logger name="org.hibernate.tool.hbm2ddl" level="off" />
		<!-- Log the state of all entities (max 20 entities) associated with the 
			session at flush time -->
		<Logger name="org.hibernate.pretty" level="off" />
		<!-- Log all second-level cache activity -->
		<Logger name="org.hibernate.cache" level="off" />
		<!-- Log transaction related activity -->
		<Logger name="org.hibernate.transaction" level="off" />
		<!-- Log all JDBC resource acquisition -->
		<Logger name="org.hibernate.jdbc" level="error" />
		<!-- Log HQL and SQL ASTs during query parsing -->
		<Logger name="org.hibernate.hql.ast.AST" level="off" />
		<!-- Log all JAAS authorization requests -->
		<Logger name="org.hibernate.secure" level="off" />
		<!-- Log everything (a lot of information, but very useful for troubleshooting) -->
		<Logger name="org.hibernate" level="info" />


		<Root level="info">
			<AppenderRef ref="Console" />
			<!-- <AppenderRef ref="File" /> -->
		</Root>
	</Loggers>
</Configuration>